Bhubaneswar,Odisha
Pune,Maharashtra
Jaipur,Rajasthan
Surat,Gujarat
Kochi,Kerala
Ahmedabad,Gujarat
Jabalpur,Madhya Pradesh
Vishakapatnam,Andhra Pradesh
Solapur,Maharashtra
Davangere,Karnataka
Indore,Madhya Pradesh
New Delhi,New Delhi
Coimbatore,Tamil Nadu
Kakinada,Andhra Pradesh
Belgaum,Karnataka
Udaipur,Rajasthan
Guwahati,Assam
Chennai,Tamil Nadu
Ludhiana,Punjab
Bhopal,Madhya Pradesh
Lucknow,Uttar Pradesh
Warangal,Telangana
Dharamshala,Himachal Pradesh
Chandigarh,Punjab
Raipur,Chhatisgarh
New Town,West Bengal
Bhagalpur,Bihar
Panaji,Goa
Port Blair,Andaman & Nicobar
Imphal,Manipur
Ranchi,Jharkhand
Agartala ,Tripura
Faridabad,Haryana
Amritsar,Punjab
Kalyan-Dombivali,Maharashtra
Ujjain,Rajasthan
Tirupati,Andhra Pradesh
Nagpur,Maharashtra
Mangalore,Karnataka
Vellore,Tamil Nadu
Thane,Maharashtra
Gwalior,Madhya Pradesh
Agra,Uttar Pradesh
Nashik,Maharashtra
Rourkela,Odisha
Kanpur,Uttar Pradesh
Madurai,Tamil Nadu
Tumkuru,Karnataka
Kota,Rajasthan
Thanjavur,Tamil Nadu
Namchi,Sikkim
Jalandhar,Punjab
Shimoga,Karnataka
Salem,Tamil Nadu
Ajmer,Rajasthan
Varanasi,Uttar Pradesh
Kohima,Nagaland
Hubli-Dharwad,Karnataka
Aurangabad,Maharashtra
Vadodara,Gujarat
