Theatre,Culture & Heritage
Heritage Walk ,Culture & Heritage
Religious,Culture & Heritage
Heritage ,Culture & Heritage
Place Making ,Culture & Heritage
Market,Economy
Incubation Centre,Economy
commercial complex,Economy
Retail,Economy
Ecology Water Body,Energy and Ecology
Ecology total,Energy and Ecology
Energy Distribution Network,Energy and Ecology
Energy 24x7 Supply,Energy and Ecology
Energy Gas,Energy and Ecology
Energy LED Lighting,Energy and Ecology
Communication,Governance
Governance,Governance
Slum Redevelopment,Housing
Roads,Transport
NMT,Transport
Multi Modal Hub,Transport
Pedestrian Infrastructure,Transport
Para Transit,Transport
Public Transit,Transport
Parking,Transport
Water Supply,Water and Sanitation
Sanitation SWM,Water and Sanitation
Sanitation Drainage,Water and Sanitation
Water Metering,Water and Sanitation
